key,source,ja,en
Doors Open - summary,Doors Open,,Doors Open
Keynote - summary,Keynote,,Keynote
#1 by ohhoe - summary,Look What You MIDI Me Do!,,Look What You MIDI Me Do!
#1 by ohhoe - description,"Who loves pushing buttons? You? And you over there? And the person behind you? Oh wait, everyone loves it?!!? Of course they do, a button is irresistible. Nowâ€¦ what if I told you that you could hook up a LOT of buttons to your computerâ€¦ and use it to do wild things with the web? Iâ€™m glad youâ€™re listening! Letâ€™s take a journey into the Web MIDI api where the possibilities of the web arenâ€™t just at your keyboard fingertips anymore, theyâ€™re literally any MIDI compatible controller you have connected! Want to make glitchy audio responsive visuals with WebGL shaders? Rad, we can do that. Want to create custom beats and have those input as a drum machine? No problem when you throw a little Web Audio API in the mix. Letâ€™s dive in and find out how!",,"Who loves pushing buttons? You? And you over there? And the person behind you? Oh wait, everyone loves it?!!? Of course they do, a button is irresistible. Nowâ€¦ what if I told you that you could hook up a LOT of buttons to your computerâ€¦ and use it to do wild things with the web? Iâ€™m glad youâ€™re listening! Letâ€™s take a journey into the Web MIDI api where the possibilities of the web arenâ€™t just at your keyboard fingertips anymore, theyâ€™re literally any MIDI compatible controller you have connected! Want to make glitchy audio responsive visuals with WebGL shaders? Rad, we can do that. Want to create custom beats and have those input as a drum machine? No problem when you throw a little Web Audio API in the mix. Letâ€™s dive in and find out how!"
#1 by addaleax - summary,Node.js: The Road to Workers,,Node.js: The Road to Workers
#1 by addaleax - description,"Workers, and threading support in general, have been one of the most frequently requested features for Node.js over the last years. Finally, the finishing line is in sight and weâ€™re pretty excited to have experimental support available! This talk will tell you everything around the API, features, use cases & alternatives, our roadmap, and the technical and social challenges that we had to overcome to make it happen!",,"Workers, and threading support in general, have been one of the most frequently requested features for Node.js over the last years. Finally, the finishing line is in sight and weâ€™re pretty excited to have experimental support available! This talk will tell you everything around the API, features, use cases & alternatives, our roadmap, and the technical and social challenges that we had to overcome to make it happen!"
#1 by littledan - summary,JavaScript Class Features: A case study in TC39,,JavaScript Class Features: A case study in TC39
#1 by littledan - description,"ES6 classes were intentionally minimal, containing only public method declarations. Now, TC39 is considering adding several other features to classes: private, fields, and decorators. In this talk, we'll see how these proposals work in detail, the process that got them there, and how you can get involved. TC39 needs your help to build features like these and the future of JavaScript.",,"ES6 classes were intentionally minimal, containing only public method declarations. Now, TC39 is considering adding several other features to classes: private, fields, and decorators. In this talk, we'll see how these proposals work in detail, the process that got them there, and how you can get involved. TC39 needs your help to build features like these and the future of JavaScript."
#1 by sannekalkman - summary,Who Takes Out Your Trash,,Who Takes Out Your Trash
#1 by sannekalkman - description,"In our daily development lives, most of us donâ€™t have to worry about unused objects gathering cobwebs and filling up the memory. All we need to know is that our language has a garbage collector that just comes by and makes our trash disappear. Somehow it figures out what should stay and what can go, our program can keep going without running out of space, and we donâ€™t have to do a thing.

It is not in fact magic that takes care of the garbage, and this talk will show you how itâ€™s done. First, weâ€™ll explore how two of the most common garbage collection algorithms, reference counting and tracing, figure out what is ready to be collected. Next, weâ€™ll see how we could get the garbage truck out of the way faster by using a generational algorithm, and finally weâ€™ll have a brief look at how Pythonâ€™s garbage collection works.

This friendly introduction to taking out the trash gives an overview of important aspects of garbage collection algorithms. It is specifically meant to be accessible developers of all levels and youâ€™ll walk away with an understanding of and appreciation for all the hard work that goes on behind the scenes.",,"In our daily development lives, most of us donâ€™t have to worry about unused objects gathering cobwebs and filling up the memory. All we need to know is that our language has a garbage collector that just comes by and makes our trash disappear. Somehow it figures out what should stay and what can go, our program can keep going without running out of space, and we donâ€™t have to do a thing.

It is not in fact magic that takes care of the garbage, and this talk will show you how itâ€™s done. First, weâ€™ll explore how two of the most common garbage collection algorithms, reference counting and tracing, figure out what is ready to be collected. Next, weâ€™ll see how we could get the garbage truck out of the way faster by using a generational algorithm, and finally weâ€™ll have a brief look at how Pythonâ€™s garbage collection works.

This friendly introduction to taking out the trash gives an overview of important aspects of garbage collection algorithms. It is specifically meant to be accessible developers of all levels and youâ€™ll walk away with an understanding of and appreciation for all the hard work that goes on behind the scenes."
#1 by cjihrig - summary,libuv: What's a Unicorn Velociraptor?,,libuv: What's a Unicorn Velociraptor?
#1 by cjihrig - description,"libuv is what gives Node.js its event loop and cross-platform asynchronous I/O capabilities. This talk explains what libuv is all about, and how it's used by Node.js. This talk also looks at recent development efforts in the libuv project.",,"libuv is what gives Node.js its event loop and cross-platform asynchronous I/O capabilities. This talk explains what libuv is all about, and how it's used by Node.js. This talk also looks at recent development efforts in the libuv project."
#1 by gioyik - summary,Leak Hunting: Finding and debugging a memory leak in Node.js,,Leak Hunting: Finding and debugging a memory leak in Node.js
#1 by gioyik - description,"Performance metrics? Response time higher? Memory leak? We would walk through different memory leak situations to identify and analyze patterns that produce an increase of memory, CPU usage, and the load average over time, without any apparent reason. We'll start talking about taking the time to set up a proper test environment to repeat the exact same conditions as in production. Then we'll discuss how to access Node.js memory using V8 Inspector & Chrome Dev Tools, create a dump of the heap memory for the inspected application, with a lot of details about the memory usage, watching memory allocation in real time and finally a compilation of best practices about how we could end fixing the memory leak. In the end, we'll be able to use the right tools to monitor, understand, and debug the memory consumption of a Node.js application on time.",,"Performance metrics? Response time higher? Memory leak? We would walk through different memory leak situations to identify and analyze patterns that produce an increase of memory, CPU usage, and the load average over time, without any apparent reason. We'll start talking about taking the time to set up a proper test environment to repeat the exact same conditions as in production. Then we'll discuss how to access Node.js memory using V8 Inspector & Chrome Dev Tools, create a dump of the heap memory for the inspected application, with a lot of details about the memory usage, watching memory allocation in real time and finally a compilation of best practices about how we could end fixing the memory leak. In the end, we'll be able to use the right tools to monitor, understand, and debug the memory consumption of a Node.js application on time."
#1 by mafintosh - summary,Offline-First Collaborative Data Structures,,Offline-First Collaborative Data Structures
#1 by mafintosh - description,"The web is growing bigger and bigger every year.
With the increasing rise of the mobile internet and
with users in places that have spotty or slow internet
we've have seen an increased interest in making things work
offline, without degrading user experience.

This talk is a hands-on talk about a series of data structures
that allow you to build complex websites that work offline and p2p,
whilst still allowing you to build collaborative applictions, such as
chat applications, shared TODO lists and more.

I'll be talking about cool new data structures such as the HAMT
(Hash Array Mapped Trie) on top of append-only logs and why this
is the future of the offline-first internet.

Expect modules you can use *today* to start implmenting great
collaborative offline-first applications and plenty of demos.",,"The web is growing bigger and bigger every year.
With the increasing rise of the mobile internet and
with users in places that have spotty or slow internet
we've have seen an increased interest in making things work
offline, without degrading user experience.

This talk is a hands-on talk about a series of data structures
that allow you to build complex websites that work offline and p2p,
whilst still allowing you to build collaborative applictions, such as
chat applications, shared TODO lists and more.

I'll be talking about cool new data structures such as the HAMT
(Hash Array Mapped Trie) on top of append-only logs and why this
is the future of the offline-first internet.

Expect modules you can use *today* to start implmenting great
collaborative offline-first applications and plenty of demos."
#1 by jimpick - summary,Visualizing the Decentralized Web,,Visualizing the Decentralized Web
#1 by jimpick - description,"A new generation of peer-to-peer protocols is coming to the web. Browsers will soon be able to talk directly to each other, without the need for centralized servers. Exciting new applications and social networks are being created which put people back in control of their personal data. See how IPFS, the Dat Protocol and Secure Scuttlebutt work. This presentation will use interactive visualizations to demonstrate core concepts.",,"A new generation of peer-to-peer protocols is coming to the web. Browsers will soon be able to talk directly to each other, without the need for centralized servers. Exciting new applications and social networks are being created which put people back in control of their personal data. See how IPFS, the Dat Protocol and Secure Scuttlebutt work. This presentation will use interactive visualizations to demonstrate core concepts."
#1 by kgryte - summary,Real-Time Machine Learning in JavaScript,,Real-Time Machine Learning in JavaScript
#1 by kgryte - description,"Real-time machine learning is a collection of statistical methods to obtain insights from continuous data streams. In this talk, I'll provide an overview of real-time machine learning algorithms and discuss how these algorithms can be implemented and used in JavaScript. I'll highlight why running these algorithms in JavaScript has several advantages compared to languages traditionally used for numerical computing, including the ability to perform client-side computations. I'll conclude by discussing best-practices and common pitfalls encountered when using machine learning algorithms within JavaScript environments.",,"Real-time machine learning is a collection of statistical methods to obtain insights from continuous data streams. In this talk, I'll provide an overview of real-time machine learning algorithms and discuss how these algorithms can be implemented and used in JavaScript. I'll highlight why running these algorithms in JavaScript has several advantages compared to languages traditionally used for numerical computing, including the ability to perform client-side computations. I'll conclude by discussing best-practices and common pitfalls encountered when using machine learning algorithms within JavaScript environments."
#1 by stephaniecodes - summary,Haute Codeture,,Haute Codeture
#1 by stephaniecodes - description,"What if, instead going for practicality, we used IoT to create fleeting moments of interaction and beauty? What would happen if others could interact with my clothing via a web app? Iâ€™ll share my story of how I got started with hardware and how itâ€™s evolved into using fashion to create interactive, artistic experiences with strangers.",,"What if, instead going for practicality, we used IoT to create fleeting moments of interaction and beauty? What would happen if others could interact with my clothing via a web app? Iâ€™ll share my story of how I got started with hardware and how itâ€™s evolved into using fashion to create interactive, artistic experiences with strangers."
Sponsor Talk - summary,Sponsor Talk,,Sponsor Talk
Lightning Talks - summary,Lightning Talks,,Lightning Talks
#1 by shimataro999 - summary,ãŠã¾ã„ã‚‰ã¡ã‚ƒã‚“ã¨ãƒªã‚½ãƒ¼ã‚¹è§£æ”¾ã—ã¦ã¾ã™ã‹,ãŠã¾ã„ã‚‰ã¡ã‚ƒã‚“ã¨ãƒªã‚½ãƒ¼ã‚¹è§£æ”¾ã—ã¦ã¾ã™ã‹,
#1 by shimataro999 - description,"ä½¿ã‚ãªããªã£ãŸãƒªã‚½ãƒ¼ã‚¹ã¯ã©ã†ã—ã¦ã„ã¾ã™ã‹ï¼Ÿ

GCãŒè§£æ”¾ã—ã¦ãã‚Œã‚‹ã®ã¯ãƒ¡ãƒ¢ãƒªã ã‘ã€‚ãƒ•ã‚¡ã‚¤ãƒ«ãƒ‡ã‚£ã‚¹ã‚¯ãƒªãƒ—ã‚¿ã‚„ã‚³ãƒã‚¯ã‚·ãƒ§ãƒ³ã¨ã„ã£ãŸãƒªã‚½ãƒ¼ã‚¹ã¯è‡ªå‹•çš„ã«ã¯è§£æ”¾ã•ã‚Œãªã„ã®ã§ã€
LAMPã®æ„Ÿè¦šã§ã€Œã‚·ã‚¹ãƒ†ãƒ ãŒè§£æ”¾ã—ã¦ãã‚Œã‚‹ã‹ã‚‰ã„ã„ã‚„ğŸ˜„ã€ã¨æ€ã£ã¦ã„ã‚‹ã¨ã€ã‚ã¨ã§ãˆã‚‰ã„ç›®ã«é­ã„ã¾ã™ã€‚n
ã—ã‹ã‚‚ã€å¤šåˆ†ãƒ†ã‚¹ãƒˆç’°å¢ƒã§ã¯ãªã‹ãªã‹æ°—ã¥ã‘ã¾ã›ã‚“ã€‚

ã§ã‚‚â€¦ã€Œã„ã¤ã€ã€Œã©ã“ã§ã€ã€Œã©ã®ã‚ˆã†ã«ã€è§£æ”¾ã™ã‚Œã°ã„ã„ã®ã‹ã€ã‚ã¾ã‚ŠçŸ¥ã‚‰ã‚Œã¦ã„ã¾ã›ã‚“ã€‚
ã™ãã«è§£æ”¾ã™ã‚‹ãªã‚‰ã¨ã‚‚ã‹ãã€ã‚ã‚‹ç¨‹åº¦ä½¿ã„ã¾ã‚ã—ãŸã„ã¨ãã¯ã©ã†ã™ã‚Œã°ã„ã„ã®ã§ã—ã‚‡ã†ã‹ã€‚

ãã‚“ãªæ‚©ã¿ã‚’è§£æ±ºã™ã‚‹ã€å®Ÿè·µå‘ã‘ã®å†…å®¹ã§ã™ã€‚","ä½¿ã‚ãªããªã£ãŸãƒªã‚½ãƒ¼ã‚¹ã¯ã©ã†ã—ã¦ã„ã¾ã™ã‹ï¼Ÿ

GCãŒè§£æ”¾ã—ã¦ãã‚Œã‚‹ã®ã¯ãƒ¡ãƒ¢ãƒªã ã‘ã€‚ãƒ•ã‚¡ã‚¤ãƒ«ãƒ‡ã‚£ã‚¹ã‚¯ãƒªãƒ—ã‚¿ã‚„ã‚³ãƒã‚¯ã‚·ãƒ§ãƒ³ã¨ã„ã£ãŸãƒªã‚½ãƒ¼ã‚¹ã¯è‡ªå‹•çš„ã«ã¯è§£æ”¾ã•ã‚Œãªã„ã®ã§ã€
LAMPã®æ„Ÿè¦šã§ã€Œã‚·ã‚¹ãƒ†ãƒ ãŒè§£æ”¾ã—ã¦ãã‚Œã‚‹ã‹ã‚‰ã„ã„ã‚„ğŸ˜„ã€ã¨æ€ã£ã¦ã„ã‚‹ã¨ã€ã‚ã¨ã§ãˆã‚‰ã„ç›®ã«é­ã„ã¾ã™ã€‚n
ã—ã‹ã‚‚ã€å¤šåˆ†ãƒ†ã‚¹ãƒˆç’°å¢ƒã§ã¯ãªã‹ãªã‹æ°—ã¥ã‘ã¾ã›ã‚“ã€‚

ã§ã‚‚â€¦ã€Œã„ã¤ã€ã€Œã©ã“ã§ã€ã€Œã©ã®ã‚ˆã†ã«ã€è§£æ”¾ã™ã‚Œã°ã„ã„ã®ã‹ã€ã‚ã¾ã‚ŠçŸ¥ã‚‰ã‚Œã¦ã„ã¾ã›ã‚“ã€‚
ã™ãã«è§£æ”¾ã™ã‚‹ãªã‚‰ã¨ã‚‚ã‹ãã€ã‚ã‚‹ç¨‹åº¦ä½¿ã„ã¾ã‚ã—ãŸã„ã¨ãã¯ã©ã†ã™ã‚Œã°ã„ã„ã®ã§ã—ã‚‡ã†ã‹ã€‚

ãã‚“ãªæ‚©ã¿ã‚’è§£æ±ºã™ã‚‹ã€å®Ÿè·µå‘ã‘ã®å†…å®¹ã§ã™ã€‚",
#1 by hepppook - summary,é£Ÿã¹ãŸã„IoT,é£Ÿã¹ãŸã„IoT,
#1 by hepppook - description,node.jsã«æ‰‹ä¼ã£ã¦ã‚‚ã‚‰ã£ã¦ãƒªã‚¢ãƒ«ã‚¢ãƒ³ãƒ‘ãƒ³ãƒãƒ³ã‚’ä½œæˆã—ãŸãŠè©±ã§ã™,node.jsã«æ‰‹ä¼ã£ã¦ã‚‚ã‚‰ã£ã¦ãƒªã‚¢ãƒ«ã‚¢ãƒ³ãƒ‘ãƒ³ãƒãƒ³ã‚’ä½œæˆã—ãŸãŠè©±ã§ã™,
#1 by sitnikcode - summary,What developers can learn from Soviet space program failures,,What developers can learn from Soviet space program failures
#1 by sitnikcode - description,"Space industry is very similiar to software development. Human mistakes, big project with lack of communications, insane complexity. So there are a lot of things, which we can learn from them: not blame users, but change UI; report about issues in open source libraries; use linters. Especially, when all these best practices are wrapped in funny and real stories.",,"Space industry is very similiar to software development. Human mistakes, big project with lack of communications, insane complexity. So there are a lot of things, which we can learn from them: not blame users, but change UI; report about issues in open source libraries; use linters. Especially, when all these best practices are wrapped in funny and real stories."
#1 by t_wada - summary,power-assert 2,power-assert 2,
#1 by t_wada - description,power-assert ã¯ã€ãƒ†ã‚¹ãƒˆã‚³ãƒ¼ãƒ‰ã‚’æ›¸ãå§‹ã‚ã‚„ã™ãã€ã‹ã¤æŠ•è³‡ã¨ã—ã¦ç„¡é§„ã«ã—ãªã„ãŸã‚ã«ã€è¦šãˆã‚‹ã“ã¨ã‚’æ¥µç«¯ã«æ¸›ã‚‰ã—ã€ã‚¤ãƒ³ã‚¿ãƒ¼ãƒ•ã‚§ã‚¤ã‚¹ã‚’å®‰å®šã•ã›ã€ãƒ„ãƒ¼ãƒ«ã®é€²åŒ–ã‚’è½ã¡ç€ã‹ã›ã‚ˆã†ã¨ã„ã†æ€æƒ³ã®ã‚‚ã¨é–‹ç™ºã•ã‚Œã¾ã—ãŸã€‚ãŠã‹ã’ã•ã¾ã§ power-assert ã¯å¤šãã®ç¾å ´ã§ãŠä½¿ã„é ‚ã‘ã‚‹ã¾ã§ã«ãªã‚Šã¾ã—ãŸã€‚ãŸã ã€ãƒªãƒªãƒ¼ã‚¹ã‹ã‚‰å¹´æœˆã‚’çµŒã¦ã€Breaking Change ç„¡ã—ã§ã¯å°å…¥ã‚„è§£æ±ºãŒé›£ã—ã„æ©Ÿèƒ½ã‚„èª²é¡Œã‚‚å‡ºã¦ãã¾ã—ãŸã€‚ã“ã® LT ã§ã¯ power-assert 2 ã§å–ã‚Šçµ„ã‚€ç›®æ¨™ã€è§£æ±ºæ¡ˆã®å–æ¨é¸æŠã¨ãã®èƒŒæ™¯ã®æ€æƒ³ã€ãƒãƒ¼ã‚¸ãƒ§ãƒ‹ãƒ³ã‚°ã¸ã®å§¿å‹¢ãªã©ã‚’è©±ã—ã¾ã™ã€‚,power-assert ã¯ã€ãƒ†ã‚¹ãƒˆã‚³ãƒ¼ãƒ‰ã‚’æ›¸ãå§‹ã‚ã‚„ã™ãã€ã‹ã¤æŠ•è³‡ã¨ã—ã¦ç„¡é§„ã«ã—ãªã„ãŸã‚ã«ã€è¦šãˆã‚‹ã“ã¨ã‚’æ¥µç«¯ã«æ¸›ã‚‰ã—ã€ã‚¤ãƒ³ã‚¿ãƒ¼ãƒ•ã‚§ã‚¤ã‚¹ã‚’å®‰å®šã•ã›ã€ãƒ„ãƒ¼ãƒ«ã®é€²åŒ–ã‚’è½ã¡ç€ã‹ã›ã‚ˆã†ã¨ã„ã†æ€æƒ³ã®ã‚‚ã¨é–‹ç™ºã•ã‚Œã¾ã—ãŸã€‚ãŠã‹ã’ã•ã¾ã§ power-assert ã¯å¤šãã®ç¾å ´ã§ãŠä½¿ã„é ‚ã‘ã‚‹ã¾ã§ã«ãªã‚Šã¾ã—ãŸã€‚ãŸã ã€ãƒªãƒªãƒ¼ã‚¹ã‹ã‚‰å¹´æœˆã‚’çµŒã¦ã€Breaking Change ç„¡ã—ã§ã¯å°å…¥ã‚„è§£æ±ºãŒé›£ã—ã„æ©Ÿèƒ½ã‚„èª²é¡Œã‚‚å‡ºã¦ãã¾ã—ãŸã€‚ã“ã® LT ã§ã¯ power-assert 2 ã§å–ã‚Šçµ„ã‚€ç›®æ¨™ã€è§£æ±ºæ¡ˆã®å–æ¨é¸æŠã¨ãã®èƒŒæ™¯ã®æ€æƒ³ã€ãƒãƒ¼ã‚¸ãƒ§ãƒ‹ãƒ³ã‚°ã¸ã®å§¿å‹¢ãªã©ã‚’è©±ã—ã¾ã™ã€‚,
#1 by sota1235 - summary,How to choose the best npm library?,,How to choose the best npm library?
#1 by sota1235 - description,"How do you decide to choose the best npm library for your production app?
There are so many concerns such as the quality of code, the scale of community and interface. Not using npm library also can be one of the choices.
In this talk, I'll talk about the way to choose the BEST npm library for my team.",,"How do you decide to choose the best npm library for your production app?
There are so many concerns such as the quality of code, the scale of community and interface. Not using npm library also can be one of the choices.
In this talk, I'll talk about the way to choose the BEST npm library for my team."
After Party - summary,After Party,,After Party
#1 by tushuhei - summary,Javascript ã§æ©Ÿæ¢°å­¦ç¿’ã¯ã˜ã‚ã‚ˆã†,Javascript ã§æ©Ÿæ¢°å­¦ç¿’ã¯ã˜ã‚ã‚ˆã†,
#1 by tushuhei - description,"Javascript ã§æ©Ÿæ¢°å­¦ç¿’ã™ã‚‹æ™‚ä»£ãŒæœ¬æ ¼çš„ã«ã‚„ã£ã¦ããŸã€‚
æ©Ÿæ¢°å­¦ç¿’ãƒ—ãƒ­ã‚¸ã‚§ã‚¯ãƒˆã¨ãªã‚‹ã¨ã€ä»Šã¾ã§ã¯ Python ã‚„ R ãªã©ã®ãƒ—ãƒ­ã‚°ãƒ©ãƒŸãƒ³ã‚°è¨€èªã§è¨˜è¿°ã™ã‚‹ã“ã¨ãŒå¤šã‹ã£ãŸã€‚ã—ã‹ã—ã€æœ€è¿‘ TensorFlow.js ã‚’ã¯ã˜ã‚ã¨ã™ã‚‹ æ©Ÿæ¢°å­¦ç¿’ã®ãŸã‚ã® Javascript ãƒ©ã‚¤ãƒ–ãƒ©ãƒªãŒç™»å ´ã—ã¯ã˜ã‚ãŸã“ã¨ã«ã‚ˆã‚Šã€ãã®çŠ¶æ³ã¯å¤‰ã‚ã‚Šã¤ã¤ã‚ã‚‹ã€‚Javascript ã§æ©Ÿæ¢°å­¦ç¿’ã‚’è¨˜è¿°ã™ã‚‹ã“ã¨ã«ã‚ˆã£ã¦ã€ã‚¦ã‚§ãƒ–ã‚µãƒ¼ãƒã¨ã®é€šä¿¡ã‚’å¿…è¦ã¨ã—ãªã„ã‚¦ã‚§ãƒ–ãƒ–ãƒ©ã‚¦ã‚¶ä¸Šã§ã®å­¦ç¿’ãƒ»æ¨è«–ã‚„ã€ã‚¯ãƒ©ã‚¤ã‚¢ãƒ³ãƒˆã® GPU ã®æ´»ç”¨ãªã©ã€ã•ã¾ã–ã¾ãªãƒ¡ãƒªãƒƒãƒˆã‚’äº«å—ã§ãã‚‹ã€‚
ã“ã®ã‚»ãƒƒã‚·ãƒ§ãƒ³ã§ã¯ã€Javascript ã§æ©Ÿæ¢°å­¦ç¿’ã™ã‚‹ã“ã¨ã®æ„å‘³ã€ãã—ã¦ TensorFlow.js ã‚’ç”¨ã„ã¦ã‚¦ã‚§ãƒ–ã‚¢ãƒ—ãƒªã‚±ãƒ¼ã‚·ãƒ§ãƒ³ã‚’æ§‹ç¯‰ã™ã‚‹æ–¹æ³•ã«ã¤ã„ã¦å®Ÿä¾‹ã‚’äº¤ãˆãªãŒã‚‰è§£èª¬ã—ãŸã„ã¨æ€ã†ã€‚","Javascript ã§æ©Ÿæ¢°å­¦ç¿’ã™ã‚‹æ™‚ä»£ãŒæœ¬æ ¼çš„ã«ã‚„ã£ã¦ããŸã€‚
æ©Ÿæ¢°å­¦ç¿’ãƒ—ãƒ­ã‚¸ã‚§ã‚¯ãƒˆã¨ãªã‚‹ã¨ã€ä»Šã¾ã§ã¯ Python ã‚„ R ãªã©ã®ãƒ—ãƒ­ã‚°ãƒ©ãƒŸãƒ³ã‚°è¨€èªã§è¨˜è¿°ã™ã‚‹ã“ã¨ãŒå¤šã‹ã£ãŸã€‚ã—ã‹ã—ã€æœ€è¿‘ TensorFlow.js ã‚’ã¯ã˜ã‚ã¨ã™ã‚‹ æ©Ÿæ¢°å­¦ç¿’ã®ãŸã‚ã® Javascript ãƒ©ã‚¤ãƒ–ãƒ©ãƒªãŒç™»å ´ã—ã¯ã˜ã‚ãŸã“ã¨ã«ã‚ˆã‚Šã€ãã®çŠ¶æ³ã¯å¤‰ã‚ã‚Šã¤ã¤ã‚ã‚‹ã€‚Javascript ã§æ©Ÿæ¢°å­¦ç¿’ã‚’è¨˜è¿°ã™ã‚‹ã“ã¨ã«ã‚ˆã£ã¦ã€ã‚¦ã‚§ãƒ–ã‚µãƒ¼ãƒã¨ã®é€šä¿¡ã‚’å¿…è¦ã¨ã—ãªã„ã‚¦ã‚§ãƒ–ãƒ–ãƒ©ã‚¦ã‚¶ä¸Šã§ã®å­¦ç¿’ãƒ»æ¨è«–ã‚„ã€ã‚¯ãƒ©ã‚¤ã‚¢ãƒ³ãƒˆã® GPU ã®æ´»ç”¨ãªã©ã€ã•ã¾ã–ã¾ãªãƒ¡ãƒªãƒƒãƒˆã‚’äº«å—ã§ãã‚‹ã€‚
ã“ã®ã‚»ãƒƒã‚·ãƒ§ãƒ³ã§ã¯ã€Javascript ã§æ©Ÿæ¢°å­¦ç¿’ã™ã‚‹ã“ã¨ã®æ„å‘³ã€ãã—ã¦ TensorFlow.js ã‚’ç”¨ã„ã¦ã‚¦ã‚§ãƒ–ã‚¢ãƒ—ãƒªã‚±ãƒ¼ã‚·ãƒ§ãƒ³ã‚’æ§‹ç¯‰ã™ã‚‹æ–¹æ³•ã«ã¤ã„ã¦å®Ÿä¾‹ã‚’äº¤ãˆãªãŒã‚‰è§£èª¬ã—ãŸã„ã¨æ€ã†ã€‚",
#1 by massie_g - summary,Node.jsã§ã¤ãã‚‹Node.js ãƒŸãƒ‹ã‚¤ãƒ³ã‚¿ãƒ¼ãƒ—ãƒªã‚¿ãƒ¼ï¼†ã‚³ãƒ³ãƒ‘ã‚¤ãƒ©ãƒ¼,Node.jsã§ã¤ãã‚‹Node.js ãƒŸãƒ‹ã‚¤ãƒ³ã‚¿ãƒ¼ãƒ—ãƒªã‚¿ãƒ¼ï¼†ã‚³ãƒ³ãƒ‘ã‚¤ãƒ©ãƒ¼,
#1 by massie_g - description,"ã€ŒRubyã§ã¤ãã‚‹Ruby ã‚¼ãƒ­ã‹ã‚‰å­¦ã³ãªãŠã™ãƒ—ãƒ­ã‚°ãƒ©ãƒŸãƒ³ã‚°è¨€èªå…¥é–€ã€ã¨ã„ã†æ›¸ç±ã«æ„ŸéŠ˜ã‚’å—ã‘ã¦ã€è‡ªåˆ†ã§ã‚‚ãƒŸãƒ‹Node.js ã‚¤ãƒ³ã‚¿ãƒ¼ãƒ—ãƒªã‚¿ãƒ¼ã‚’ä½œã£ã¦ã¿ã¾ã—ãŸã€‚ãã‚Œã‚’é€šã—ã¦å¤‰æ•°ã‚„é–¢æ•°ã®ã‚¹ã‚³ãƒ¼ãƒ—ã«ã¤ã„ã¦ã‚ˆã‚Šæ·±ãç†è§£ã™ã‚‹ã“ã¨ãŒã§ãã¾ã—ãŸã€‚
ã•ã‚‰ã«ä»¥å‰ã‹ã‚‰æ°—ã«ãªã£ã¦ã„ãŸLLVMã‚’ä½¿ã£ã¦ã€ãƒã‚¤ãƒŠãƒªã‚’ç”Ÿæˆã™ã‚‹ãƒŸãƒ‹ã‚³ãƒ³ãƒ‘ã‚¤ãƒ©ã«ã‚‚ãƒãƒ£ãƒ¬ãƒ³ã‚¸ã—ã¦ã„ã¾ã™ã€‚

ã“ã¡ã‚‰ã®è¨˜äº‹ã‚’ãƒ™ãƒ¼ã‚¹ã«ã€ç™ºè¡¨ã«ã¾ã¨ã‚ã‚‹äºˆå®šã§ã™ã€‚
https://qiita.com/massie_g/items/3ee11c105b4458686bc1","ã€ŒRubyã§ã¤ãã‚‹Ruby ã‚¼ãƒ­ã‹ã‚‰å­¦ã³ãªãŠã™ãƒ—ãƒ­ã‚°ãƒ©ãƒŸãƒ³ã‚°è¨€èªå…¥é–€ã€ã¨ã„ã†æ›¸ç±ã«æ„ŸéŠ˜ã‚’å—ã‘ã¦ã€è‡ªåˆ†ã§ã‚‚ãƒŸãƒ‹Node.js ã‚¤ãƒ³ã‚¿ãƒ¼ãƒ—ãƒªã‚¿ãƒ¼ã‚’ä½œã£ã¦ã¿ã¾ã—ãŸã€‚ãã‚Œã‚’é€šã—ã¦å¤‰æ•°ã‚„é–¢æ•°ã®ã‚¹ã‚³ãƒ¼ãƒ—ã«ã¤ã„ã¦ã‚ˆã‚Šæ·±ãç†è§£ã™ã‚‹ã“ã¨ãŒã§ãã¾ã—ãŸã€‚
ã•ã‚‰ã«ä»¥å‰ã‹ã‚‰æ°—ã«ãªã£ã¦ã„ãŸLLVMã‚’ä½¿ã£ã¦ã€ãƒã‚¤ãƒŠãƒªã‚’ç”Ÿæˆã™ã‚‹ãƒŸãƒ‹ã‚³ãƒ³ãƒ‘ã‚¤ãƒ©ã«ã‚‚ãƒãƒ£ãƒ¬ãƒ³ã‚¸ã—ã¦ã„ã¾ã™ã€‚

ã“ã¡ã‚‰ã®è¨˜äº‹ã‚’ãƒ™ãƒ¼ã‚¹ã«ã€ç™ºè¡¨ã«ã¾ã¨ã‚ã‚‹äºˆå®šã§ã™ã€‚
https://qiita.com/massie_g/items/3ee11c105b4458686bc1",
#1 by darai_0512 - summary,Diagnose your Node.js app,Diagnose your Node.js app,
#1 by darai_0512 - description,"æƒ³å®šå¯¾è±¡è€…: Node.jsåˆå­¦è€…ï¼ˆâ‰ ãƒ—ãƒ­ã‚°ãƒ©ãƒŸãƒ³ã‚°åˆå¿ƒè€…ï¼‰ã‹ã‚‰ä¸­ç´šè€…ã¾ã§

ã“ã®ã‚»ãƒƒã‚·ãƒ§ãƒ³ã§ã¯ã€ã‚³ã‚¢APIã®è¦–ç‚¹ã‹ã‚‰Node.jsã®ç‰¹æ€§ã«ã¤ã„ã¦æ•´ç†ã—ã€è‡ªèº«ã®ã‚³ãƒ¼ãƒ‰ã®è¨ºæ–­ãŒã§ãã‚‹ã‚ˆã†ã«ãªã‚‹ã“ã¨ã‚’ç›®æŒ‡ã—ã¾ã™ã€‚

åˆå­¦è€…ã«ã¨ã£ã¦å•é¡Œã®åŸå› ãŒNode.jsãªã®ã‹v8ãªã®ã‹ã€ã‚ã‚‹ã„ã¯libuvã‹OSã‹ã€åˆ‡ã‚Šåˆ†ã‘ã ã‘ã§ã‚‚å¤§å¤‰ã§ã™ã€‚å‰åŠã¯ã‚³ã‚¢APIãŒã©ã®ã‚ˆã†ã«å®Ÿè£…ã•ã‚Œã¦ã„ã‚‹ã®ã‹ã‚’ç†è§£ã—ã€åˆ‡ã‚Šåˆ†ã‘ã®ãŸã‚ã®åœŸåœ°å‹˜ã‚’é¤Šã„ã¾ã™ã€‚

å¾ŒåŠã§ã¯
ãƒ» Tracing: éåŒæœŸAPIã®ãƒ©ã‚¤ãƒ•ã‚¿ã‚¤ãƒ ã‚„å„ç¨®ãƒ‘ãƒ•ã‚©ãƒ¼ãƒãƒ³ã‚¹ã®å¯è¦–åŒ–
ãƒ» Profiling: stack profilerã‚’åˆ©ç”¨ã—ãŸæ”¹å–„
ãƒ» Analysis: ã‚ãˆã¦ã‚¢ãƒ—ãƒªã‚±ãƒ¼ã‚·ãƒ§ãƒ³ã‚’ã‚¯ãƒ©ãƒƒã‚·ãƒ¥ã•ã›ã¦æŒ‡æ¨™ã‚’å¾—ã‚‹post-mortemã®è€ƒãˆæ–¹
ãªã©ã®è¦³ç‚¹ã§ã€å®Ÿéš›ã«ã‚³ãƒ¼ãƒ‰ã‚’è¨ºæ–­ã—ã¦ã¿ã¾ã™ã€‚
Node.jsã§ã¯ã©ã®ã‚ˆã†ãªè¨ºæ–­æ–¹æ³•ãŒç”¨æ„ãƒ»æ¤œè¨ã•ã‚Œã¦ã„ã‚‹ã®ã‹ã€æœ€æ–°å‹•å‘ã‚’è¿½ã£ã¦ã¿ã¾ã™ã€‚","æƒ³å®šå¯¾è±¡è€…: Node.jsåˆå­¦è€…ï¼ˆâ‰ ãƒ—ãƒ­ã‚°ãƒ©ãƒŸãƒ³ã‚°åˆå¿ƒè€…ï¼‰ã‹ã‚‰ä¸­ç´šè€…ã¾ã§

ã“ã®ã‚»ãƒƒã‚·ãƒ§ãƒ³ã§ã¯ã€ã‚³ã‚¢APIã®è¦–ç‚¹ã‹ã‚‰Node.jsã®ç‰¹æ€§ã«ã¤ã„ã¦æ•´ç†ã—ã€è‡ªèº«ã®ã‚³ãƒ¼ãƒ‰ã®è¨ºæ–­ãŒã§ãã‚‹ã‚ˆã†ã«ãªã‚‹ã“ã¨ã‚’ç›®æŒ‡ã—ã¾ã™ã€‚

åˆå­¦è€…ã«ã¨ã£ã¦å•é¡Œã®åŸå› ãŒNode.jsãªã®ã‹v8ãªã®ã‹ã€ã‚ã‚‹ã„ã¯libuvã‹OSã‹ã€åˆ‡ã‚Šåˆ†ã‘ã ã‘ã§ã‚‚å¤§å¤‰ã§ã™ã€‚å‰åŠã¯ã‚³ã‚¢APIãŒã©ã®ã‚ˆã†ã«å®Ÿè£…ã•ã‚Œã¦ã„ã‚‹ã®ã‹ã‚’ç†è§£ã—ã€åˆ‡ã‚Šåˆ†ã‘ã®ãŸã‚ã®åœŸåœ°å‹˜ã‚’é¤Šã„ã¾ã™ã€‚

å¾ŒåŠã§ã¯
ãƒ» Tracing: éåŒæœŸAPIã®ãƒ©ã‚¤ãƒ•ã‚¿ã‚¤ãƒ ã‚„å„ç¨®ãƒ‘ãƒ•ã‚©ãƒ¼ãƒãƒ³ã‚¹ã®å¯è¦–åŒ–
ãƒ» Profiling: stack profilerã‚’åˆ©ç”¨ã—ãŸæ”¹å–„
ãƒ» Analysis: ã‚ãˆã¦ã‚¢ãƒ—ãƒªã‚±ãƒ¼ã‚·ãƒ§ãƒ³ã‚’ã‚¯ãƒ©ãƒƒã‚·ãƒ¥ã•ã›ã¦æŒ‡æ¨™ã‚’å¾—ã‚‹post-mortemã®è€ƒãˆæ–¹
ãªã©ã®è¦³ç‚¹ã§ã€å®Ÿéš›ã«ã‚³ãƒ¼ãƒ‰ã‚’è¨ºæ–­ã—ã¦ã¿ã¾ã™ã€‚
Node.jsã§ã¯ã©ã®ã‚ˆã†ãªè¨ºæ–­æ–¹æ³•ãŒç”¨æ„ãƒ»æ¤œè¨ã•ã‚Œã¦ã„ã‚‹ã®ã‹ã€æœ€æ–°å‹•å‘ã‚’è¿½ã£ã¦ã¿ã¾ã™ã€‚",
#1 by sekikazu01 - summary,State of SEO for SPA,State of SEO for SPA,
#1 by sekikazu01 - description,"SPAã‚’ä½œã‚‹äººãªã‚‰ãã£ã¨å‘ãåˆã£ãŸã“ã¨ãŒã‚ã‚‹ã§ã‚ã‚ã†èª²é¡Œã€SEOå¯¾ç­–ã€‚

æ˜¨å¹´ã‹ã‚‰Prerenderãªã©ãã‚Œå°‚ç”¨ã®ã‚½ãƒªãƒ¥ãƒ¼ã‚·ãƒ§ãƒ³ãŒå‡ºãŸã‚Šã€Gatsbyjsãªã©ã®é™çš„ã‚µã‚¤ãƒˆã‚¸ã‚§ãƒãƒ¬ãƒ¼ã‚¿ã®éš†ç››ã‚‚ã‚ã‚Šã€å–ã‚Œã‚‹æ‰“ã¡æ‰‹ãŒå¢—ãˆã¦ãã¾ã—ãŸãŒã€ä¸–é–“ã«ã¯æœªã ã«æ›–æ˜§ãªè«–æ‹ ã«åŸºã¥ã„ãŸã€ŒSSRå¿…è¦è«–ã€ãªã„ã—ã€ŒSSRä¸è¦è«–ã€ãŒæº¢ã‚Œã¦ã„ã¾ã™ã€‚

ã“ã®ãƒˆãƒ¼ã‚¯ã§ã¯ã€ŒSEOå¯¾ç­–ã€ã¨ã¯å…·ä½“çš„ã«ãªã«ã‚’æŒ‡ã™ã®ã‹ã€SPAã§SEOå¯¾ç­–ã‚’ã™ã‚‹éš›ã®æ‰“ã¡æ‰‹ã‚„ãã‚Œãã‚Œã®ãƒ¡ãƒªãƒƒãƒˆãƒ»ãƒ‡ãƒ¡ãƒªãƒƒãƒˆã¯ãªã«ã‹ã‚’è§£èª¬ã—ã¾ã™ã€‚","SPAã‚’ä½œã‚‹äººãªã‚‰ãã£ã¨å‘ãåˆã£ãŸã“ã¨ãŒã‚ã‚‹ã§ã‚ã‚ã†èª²é¡Œã€SEOå¯¾ç­–ã€‚

æ˜¨å¹´ã‹ã‚‰Prerenderãªã©ãã‚Œå°‚ç”¨ã®ã‚½ãƒªãƒ¥ãƒ¼ã‚·ãƒ§ãƒ³ãŒå‡ºãŸã‚Šã€Gatsbyjsãªã©ã®é™çš„ã‚µã‚¤ãƒˆã‚¸ã‚§ãƒãƒ¬ãƒ¼ã‚¿ã®éš†ç››ã‚‚ã‚ã‚Šã€å–ã‚Œã‚‹æ‰“ã¡æ‰‹ãŒå¢—ãˆã¦ãã¾ã—ãŸãŒã€ä¸–é–“ã«ã¯æœªã ã«æ›–æ˜§ãªè«–æ‹ ã«åŸºã¥ã„ãŸã€ŒSSRå¿…è¦è«–ã€ãªã„ã—ã€ŒSSRä¸è¦è«–ã€ãŒæº¢ã‚Œã¦ã„ã¾ã™ã€‚

ã“ã®ãƒˆãƒ¼ã‚¯ã§ã¯ã€ŒSEOå¯¾ç­–ã€ã¨ã¯å…·ä½“çš„ã«ãªã«ã‚’æŒ‡ã™ã®ã‹ã€SPAã§SEOå¯¾ç­–ã‚’ã™ã‚‹éš›ã®æ‰“ã¡æ‰‹ã‚„ãã‚Œãã‚Œã®ãƒ¡ãƒªãƒƒãƒˆãƒ»ãƒ‡ãƒ¡ãƒªãƒƒãƒˆã¯ãªã«ã‹ã‚’è§£èª¬ã—ã¾ã™ã€‚",
#1 by maxmellon_9039 - summary,React ã«ãŠã‘ã‚‹ãƒ‘ãƒ•ã‚©ãƒ¼ãƒãƒ³ã‚¹ãƒãƒ¥ãƒ¼ãƒ‹ãƒ³ã‚°,React ã«ãŠã‘ã‚‹ãƒ‘ãƒ•ã‚©ãƒ¼ãƒãƒ³ã‚¹ãƒãƒ¥ãƒ¼ãƒ‹ãƒ³ã‚°,
#1 by maxmellon_9039 - description,"React ã§ä½œæˆã•ã‚ŒãŸå¤§è¦æ¨¡SPAã«ãŠã„ã¦ï¼Œå†ãƒ¬ãƒ³ãƒ€ãƒªãƒ³ã‚°ã®æœ€é©åŒ–ã‚’ã¯ã˜ã‚ã¨ã—ãŸ ãƒ‘ãƒ•ã‚©ãƒ¼ãƒãƒ³ã‚¹ãƒãƒ¥ãƒ¼ãƒ‹ãƒ³ã‚°
ã‚„ ãƒœãƒˆãƒ«ãƒãƒƒã‚¯ã®ç™ºè¦‹æ–¹æ³•ï¼Œå…·ä½“çš„ãªæ”¹å–„äº‹ä¾‹ã«ã¤ã„ã¦","React ã§ä½œæˆã•ã‚ŒãŸå¤§è¦æ¨¡SPAã«ãŠã„ã¦ï¼Œå†ãƒ¬ãƒ³ãƒ€ãƒªãƒ³ã‚°ã®æœ€é©åŒ–ã‚’ã¯ã˜ã‚ã¨ã—ãŸ ãƒ‘ãƒ•ã‚©ãƒ¼ãƒãƒ³ã‚¹ãƒãƒ¥ãƒ¼ãƒ‹ãƒ³ã‚°
ã‚„ ãƒœãƒˆãƒ«ãƒãƒƒã‚¯ã®ç™ºè¦‹æ–¹æ³•ï¼Œå…·ä½“çš„ãªæ”¹å–„äº‹ä¾‹ã«ã¤ã„ã¦",
#1 by rdlabo - summary,Webã‚¢ãƒ—ãƒªã‚’Nativeã‚¢ãƒ—ãƒªã«ã™ã‚‹ Capacitor ãŒåºƒã’ã‚‹Webã®å¯èƒ½æ€§,Webã‚¢ãƒ—ãƒªã‚’Nativeã‚¢ãƒ—ãƒªã«ã™ã‚‹ Capacitor ãŒåºƒã’ã‚‹Webã®å¯èƒ½æ€§,
#1 by rdlabo - description,"iOS/Androidã‚¢ãƒ—ãƒªé–‹ç™ºã§HTML5ã‚¢ãƒ—ãƒªãŒå€™è£œã«ã‚ãŒã‚‹ã¨å¿…ãšè¨€ã‚ã‚Œã‚‹ã€Œã§ã‚‚ã€é…ã„ã§ã—ã‚‡ï¼Ÿã€ã€‚Webã®é€²åŒ–ã¯ã™ã§ã«ãã‚Œã‚’éå»ã®ã‚‚ã®ã«å¤‰ãˆã‚ˆã†ã¨ã—ã¦ãŠã‚Šã€è‡ªç”±åº¦ãŒé«˜ãè¡¨ç¾è±Šã‹ãªã‚¢ãƒ—ãƒªã‚’ã¤ãã‚‹ã“ã¨ãŒã§ãã¾ã™ã€‚ã‚¢ãƒ—ãƒªäººæã®ä¸è¶³ãŒå«ã°ã‚Œã¾ã™ãŒã€ãƒ•ãƒ­ãƒ³ãƒˆã‚¨ãƒ³ãƒ‰ç•Œéšˆã«ã¯å¤šãã®æ½œåœ¨äººæãŒã„ã¾ã™ã€‚

ã“ã®ã‚»ãƒƒã‚·ãƒ§ãƒ³ã§ã¯ã€HTML5ã‚¢ãƒ—ãƒªã®æ­´å²ã¨æŠ€è¡“ã€ãƒ‘ãƒ•ã‚©ãƒ¼ãƒãƒ³ã‚¹ã¨ã€Œä»Šã€ã‚’æ•´ç†ã—ã¾ã™ã€‚","iOS/Androidã‚¢ãƒ—ãƒªé–‹ç™ºã§HTML5ã‚¢ãƒ—ãƒªãŒå€™è£œã«ã‚ãŒã‚‹ã¨å¿…ãšè¨€ã‚ã‚Œã‚‹ã€Œã§ã‚‚ã€é…ã„ã§ã—ã‚‡ï¼Ÿã€ã€‚Webã®é€²åŒ–ã¯ã™ã§ã«ãã‚Œã‚’éå»ã®ã‚‚ã®ã«å¤‰ãˆã‚ˆã†ã¨ã—ã¦ãŠã‚Šã€è‡ªç”±åº¦ãŒé«˜ãè¡¨ç¾è±Šã‹ãªã‚¢ãƒ—ãƒªã‚’ã¤ãã‚‹ã“ã¨ãŒã§ãã¾ã™ã€‚ã‚¢ãƒ—ãƒªäººæã®ä¸è¶³ãŒå«ã°ã‚Œã¾ã™ãŒã€ãƒ•ãƒ­ãƒ³ãƒˆã‚¨ãƒ³ãƒ‰ç•Œéšˆã«ã¯å¤šãã®æ½œåœ¨äººæãŒã„ã¾ã™ã€‚

ã“ã®ã‚»ãƒƒã‚·ãƒ§ãƒ³ã§ã¯ã€HTML5ã‚¢ãƒ—ãƒªã®æ­´å²ã¨æŠ€è¡“ã€ãƒ‘ãƒ•ã‚©ãƒ¼ãƒãƒ³ã‚¹ã¨ã€Œä»Šã€ã‚’æ•´ç†ã—ã¾ã™ã€‚",
#1 by 4245Ryomt - summary,å®Ÿè·µGraphQL for ã‚¯ãƒ©ã‚¤ã‚¢ãƒ³ãƒˆå´,å®Ÿè·µGraphQL for ã‚¯ãƒ©ã‚¤ã‚¢ãƒ³ãƒˆå´,
#1 by 4245Ryomt - description,"æœ€è¿‘ã‚ˆãè©±é¡Œã«ã‚ãŒã‚‹graphqlã‚’æ¥­å‹™ã§ä½¿ã£ã¦ã„ã‚‹ã®ã§ãã®è©±ã‚’ã—ã‚ˆã†ã¨æ€ã„ã¾ã™ã€‚
graphqlã¯æˆ‘ã€…ã®æŒã£ã¦ã„ãŸã©ã‚“ãªèª²é¡Œã‚’è§£æ±ºã—ã¦ãã‚Œã‚‹ã¨æœ›ã‚“ã§æ¡ç”¨ã—ãŸã®ã‹ï¼Ÿ
æ¡ç”¨ã—ã¦ã©ã†ã ã£ãŸã®ã‹ï¼Ÿ
graphqlã‚’åˆ©ç”¨ã™ã‚‹ã‚¯ãƒ©ã‚¤ã‚¢ãƒ³ãƒˆã‚µã‚¤ãƒ‰å´ã‹ã‚‰ã®è¦–ç‚¹å¼·ã‚ã§è©±ã‚’ã—ã¦ã„ããŸã„ã¨æ€ã„ã¾ã™ã€‚
è©±é¡Œã®elmã ã£ãŸã®ã§ãã®è©±ã‚‚å°‘ã—æ·»ãˆã¦","æœ€è¿‘ã‚ˆãè©±é¡Œã«ã‚ãŒã‚‹graphqlã‚’æ¥­å‹™ã§ä½¿ã£ã¦ã„ã‚‹ã®ã§ãã®è©±ã‚’ã—ã‚ˆã†ã¨æ€ã„ã¾ã™ã€‚
graphqlã¯æˆ‘ã€…ã®æŒã£ã¦ã„ãŸã©ã‚“ãªèª²é¡Œã‚’è§£æ±ºã—ã¦ãã‚Œã‚‹ã¨æœ›ã‚“ã§æ¡ç”¨ã—ãŸã®ã‹ï¼Ÿ
æ¡ç”¨ã—ã¦ã©ã†ã ã£ãŸã®ã‹ï¼Ÿ
graphqlã‚’åˆ©ç”¨ã™ã‚‹ã‚¯ãƒ©ã‚¤ã‚¢ãƒ³ãƒˆã‚µã‚¤ãƒ‰å´ã‹ã‚‰ã®è¦–ç‚¹å¼·ã‚ã§è©±ã‚’ã—ã¦ã„ããŸã„ã¨æ€ã„ã¾ã™ã€‚
è©±é¡Œã®elmã ã£ãŸã®ã§ãã®è©±ã‚‚å°‘ã—æ·»ãˆã¦",
#1 by daizplus - summary,Service Workerã‚’ç”¨ã„ãŸã‚­ãƒ£ãƒƒã‚·ãƒ³ã‚°æˆ¦ç•¥ ã€œWikiã‚¢ãƒ—ãƒªã‚±ãƒ¼ã‚·ãƒ§ãƒ³ã‚’ä¾‹ã«ã€œ,Service Workerã‚’ç”¨ã„ãŸã‚­ãƒ£ãƒƒã‚·ãƒ³ã‚°æˆ¦ç•¥ ã€œWikiã‚¢ãƒ—ãƒªã‚±ãƒ¼ã‚·ãƒ§ãƒ³ã‚’ä¾‹ã«ã€œ,
#1 by daizplus - description,"ãƒ¦ãƒ¼ã‚¶ãƒ¼ã«ã‚ˆã£ã¦ã‚³ãƒ³ãƒ†ãƒ³ãƒ„ãŒé »ç¹ã«æ›´æ–°ã•ã‚Œã‚‹ã‚ˆã†ãªã‚¦ã‚§ãƒ–ã‚µãƒ¼ãƒ“ã‚¹ã«Service Workerã‚’å°å…¥ã—ã¦ã€ãƒ­ãƒ¼ã‚«ãƒ«ã«æŒã¦ã‚‹ãƒªã‚½ãƒ¼ã‚¹ã‚’å¾ã€…ã«å¢—ã‚„ã—æ´»ç”¨ã—ã¦ã„ãå–ã‚Šçµ„ã¿ã«ã¤ã„ã¦ãŠè©±ã—ã¾ã™ã€‚Nota Inc.ã§é–‹ç™ºãƒ»é‹å–¶ã™ã‚‹
Scrapbox ã¨ã„ã†ã€ã‚µãƒ¼ãƒãƒ¼ã‚µã‚¤ãƒ‰ã«Node.js (Express, Socket.IO)ã€ã‚¯ãƒ©ã‚¤ã‚¢ãƒ³ãƒˆã‚µã‚¤ãƒ‰ã«Reactã‚’ä½¿ç”¨ã—ãŸãƒ•ãƒ«JavaScriptå®Ÿè£…ãªWikiã‚¢ãƒ—ãƒªã§ã®å…·ä½“ä¾‹ã‚’ç¤ºã—ã¤ã¤ã€ä»–ã®ã‚µãƒ¼ãƒ“ã‚¹ã§ã‚‚æ±ç”¨çš„ã«æ¡ç”¨ã§ãã‚‹ã‚­ãƒ£ãƒƒã‚·ãƒ³ã‚°æˆ¦ç•¥ã‚’ç´¹ä»‹ã—ã¾ã™ã€‚

ãƒãƒƒãƒˆãƒ¯ãƒ¼ã‚¯æ¥ç¶šçŠ¶æ³ã«ä¾ã‚‰ãšã«è¨˜äº‹ãƒšãƒ¼ã‚¸ã®è¡¨ç¤ºã‚„ç·¨é›†ã‚’å¯èƒ½ã«ã™ã‚‹ã“ã¨ã‚’ç›®æŒ‡ã—ã¦ç§é”ãŒé¸æŠã—ãŸã€ä»¥ä¸‹ã®ã‚ˆã†ãªæ‰‹æ³•ã‚’å–ã‚Šä¸Šã’ã‚‹äºˆå®šã§ã™ã€‚
ãƒ» Single Page Application ã¨ã—ã¦å…¨ãƒšãƒ¼ã‚¸ã§å…±é€šã«ä½¿ã‚ã‚Œã‚‹ã€æœ€åˆã®htmlã®ã‚­ãƒ£ãƒƒã‚·ãƒ¥
ãƒ» ãƒ›ãƒ¯ã‚¤ãƒˆãƒªã‚¹ãƒˆæ–¹å¼ã§ã®é™çš„ãƒªã‚½ãƒ¼ã‚¹ã®ã‚­ãƒ£ãƒƒã‚·ãƒ¥
ãƒ» ãƒªãƒ³ã‚¯ã‚’mouseoverã—ãŸéš›ã®ãƒšãƒ¼ã‚¸ã‚³ãƒ³ãƒ†ãƒ³ãƒ„ã®prefetch
ãƒ» ãƒšãƒ¼ã‚¸ã‚³ãƒ³ãƒ†ãƒ³ãƒ„ã®ã‚­ãƒ£ãƒƒã‚·ãƒ¥ã«é–¢ã™ã‚‹æ¤œè¨ä¸­ã®ã‚¢ã‚¤ãƒ‡ã‚¢ãªã©

ã¾ãŸã€ã‚­ãƒ£ãƒƒã‚·ãƒ¥ã•ã‚ŒãŸãƒªã‚½ãƒ¼ã‚¹é–“ã§ã®ãƒãƒ¼ã‚¸ãƒ§ãƒ³ã®ä¸æ•´åˆã‚’é˜²ãä»•çµ„ã¿ã‚„ã€ã“ã‚Œã‚‰ã®æœ‰åŠ¹æœŸé™ã®è¨­å®šãªã©ã€é‹ç”¨ã«ãŠã„ã¦æ°—ã‚’ä»˜ã‘ã¦ã„ã‚‹äº‹æŸ„ã¨å¯¾å¿œã«ã¤ã„ã¦ã‚‚å…±æœ‰ã—ã¾ã™ã€‚","ãƒ¦ãƒ¼ã‚¶ãƒ¼ã«ã‚ˆã£ã¦ã‚³ãƒ³ãƒ†ãƒ³ãƒ„ãŒé »ç¹ã«æ›´æ–°ã•ã‚Œã‚‹ã‚ˆã†ãªã‚¦ã‚§ãƒ–ã‚µãƒ¼ãƒ“ã‚¹ã«Service Workerã‚’å°å…¥ã—ã¦ã€ãƒ­ãƒ¼ã‚«ãƒ«ã«æŒã¦ã‚‹ãƒªã‚½ãƒ¼ã‚¹ã‚’å¾ã€…ã«å¢—ã‚„ã—æ´»ç”¨ã—ã¦ã„ãå–ã‚Šçµ„ã¿ã«ã¤ã„ã¦ãŠè©±ã—ã¾ã™ã€‚Nota Inc.ã§é–‹ç™ºãƒ»é‹å–¶ã™ã‚‹
Scrapbox ã¨ã„ã†ã€ã‚µãƒ¼ãƒãƒ¼ã‚µã‚¤ãƒ‰ã«Node.js (Express, Socket.IO)ã€ã‚¯ãƒ©ã‚¤ã‚¢ãƒ³ãƒˆã‚µã‚¤ãƒ‰ã«Reactã‚’ä½¿ç”¨ã—ãŸãƒ•ãƒ«JavaScriptå®Ÿè£…ãªWikiã‚¢ãƒ—ãƒªã§ã®å…·ä½“ä¾‹ã‚’ç¤ºã—ã¤ã¤ã€ä»–ã®ã‚µãƒ¼ãƒ“ã‚¹ã§ã‚‚æ±ç”¨çš„ã«æ¡ç”¨ã§ãã‚‹ã‚­ãƒ£ãƒƒã‚·ãƒ³ã‚°æˆ¦ç•¥ã‚’ç´¹ä»‹ã—ã¾ã™ã€‚

ãƒãƒƒãƒˆãƒ¯ãƒ¼ã‚¯æ¥ç¶šçŠ¶æ³ã«ä¾ã‚‰ãšã«è¨˜äº‹ãƒšãƒ¼ã‚¸ã®è¡¨ç¤ºã‚„ç·¨é›†ã‚’å¯èƒ½ã«ã™ã‚‹ã“ã¨ã‚’ç›®æŒ‡ã—ã¦ç§é”ãŒé¸æŠã—ãŸã€ä»¥ä¸‹ã®ã‚ˆã†ãªæ‰‹æ³•ã‚’å–ã‚Šä¸Šã’ã‚‹äºˆå®šã§ã™ã€‚
ãƒ» Single Page Application ã¨ã—ã¦å…¨ãƒšãƒ¼ã‚¸ã§å…±é€šã«ä½¿ã‚ã‚Œã‚‹ã€æœ€åˆã®htmlã®ã‚­ãƒ£ãƒƒã‚·ãƒ¥
ãƒ» ãƒ›ãƒ¯ã‚¤ãƒˆãƒªã‚¹ãƒˆæ–¹å¼ã§ã®é™çš„ãƒªã‚½ãƒ¼ã‚¹ã®ã‚­ãƒ£ãƒƒã‚·ãƒ¥
ãƒ» ãƒªãƒ³ã‚¯ã‚’mouseoverã—ãŸéš›ã®ãƒšãƒ¼ã‚¸ã‚³ãƒ³ãƒ†ãƒ³ãƒ„ã®prefetch
ãƒ» ãƒšãƒ¼ã‚¸ã‚³ãƒ³ãƒ†ãƒ³ãƒ„ã®ã‚­ãƒ£ãƒƒã‚·ãƒ¥ã«é–¢ã™ã‚‹æ¤œè¨ä¸­ã®ã‚¢ã‚¤ãƒ‡ã‚¢ãªã©

ã¾ãŸã€ã‚­ãƒ£ãƒƒã‚·ãƒ¥ã•ã‚ŒãŸãƒªã‚½ãƒ¼ã‚¹é–“ã§ã®ãƒãƒ¼ã‚¸ãƒ§ãƒ³ã®ä¸æ•´åˆã‚’é˜²ãä»•çµ„ã¿ã‚„ã€ã“ã‚Œã‚‰ã®æœ‰åŠ¹æœŸé™ã®è¨­å®šãªã©ã€é‹ç”¨ã«ãŠã„ã¦æ°—ã‚’ä»˜ã‘ã¦ã„ã‚‹äº‹æŸ„ã¨å¯¾å¿œã«ã¤ã„ã¦ã‚‚å…±æœ‰ã—ã¾ã™ã€‚",
#1 by ohbarye - summary,è²¢çŒ®ã§ãã‚‹OSSã®è¦‹ã¤ã‘æ–¹ -å®Œçµç·¨-,è²¢çŒ®ã§ãã‚‹OSSã®è¦‹ã¤ã‘æ–¹ -å®Œçµç·¨-,
#1 by ohbarye - description,"Contributionã‚’æœŸå¾…ã™ã‚‹ãƒ¡ãƒ³ãƒ†ãƒŠã¨ã€OSSã«è²¢çŒ®ã—ãŸã„ãŒã©ã†ã—ãŸã‚‰è‰¯ã„ã‹ã‚ã‹ã‚‰ãªã„å¤§å¤šæ•°ã®ã‚¨ãƒ³ã‚¸ãƒ‹ã‚¢ã€‚
ã“ã®æœŸå¾…å€¤ã®ã‚®ãƒ£ãƒƒãƒ—ã¨ã€è²¢çŒ®ã—ãŸã„ãŒèª°ãŒä½•ã‚’æ±‚ã‚ã¦ã„ã‚‹ã®ã‹ã‚ã‹ã‚‰ãªã„ã¨ã„ã†æƒ…å ±ã®ä¸é€æ˜æ€§ã‚’Contribution Accessibilityã¨æœ¬ãƒˆãƒ¼ã‚¯ã§ã¯å‘¼ã³ã€è§£æ±ºã—ãŸã„èª²é¡Œã¨ä½ç½®ã¥ã‘ã¾ã™ã€‚
Contribution Accessibilityã‚’è§£æ¶ˆã™ã‚‹ä¸€åŠ©ã¨ã—ã¦é–‹ç™ºã—ãŸ goofi ã¨ã„ã†ãƒ„ãƒ¼ãƒ«ã‚’ã”ç´¹ä»‹ã—ã¾ã™ã€‚
ã¾ãŸã€åŒãƒ„ãƒ¼ãƒ«ã¯TypeScript, React, Next.js, GraphQLãªã©ã®JavaScriptå‘¨è¾ºæŠ€è¡“ã‚’ä½¿ç”¨ã—ã¦ã„ã‚‹ãŸã‚ã€ã“ã‚Œã‚‰ã®æŠ€è¡“è¦ç´ ã®é¸å®šç†ç”±ã‚„ä½¿ç”¨ã—ã¦ã®æ‰€æ„Ÿãƒ»è€ƒå¯Ÿã‚‚ãŠä¼ãˆã—ã¾ã™ã€‚
ä¸Šè¨˜èª²é¡Œã¯ã‚¹ãƒ”ãƒ¼ã‚«ãƒ¼è‡ªèº«ãŒæ„Ÿã˜ã¦ã„ãŸã‚‚ã®ã§ã‚‚ã‚ã‚Šã¾ã—ãŸã€‚ãã®ãŸã‚ã‚¹ãƒ”ãƒ¼ã‚«ãƒ¼è‡ªèº«ãŒåŒãƒ„ãƒ¼ãƒ«ã‚’åˆ©ç”¨ã—ã¦å®Ÿéš›ã«contributionã™ã‚‹ã“ã¨ãŒã§ãã‚‹ã‚ˆã†ã«ãªã£ãŸä¾‹ã«ã¤ã„ã¦ãŠè©±ã—ã¾ã™ã€‚","Contributionã‚’æœŸå¾…ã™ã‚‹ãƒ¡ãƒ³ãƒ†ãƒŠã¨ã€OSSã«è²¢çŒ®ã—ãŸã„ãŒã©ã†ã—ãŸã‚‰è‰¯ã„ã‹ã‚ã‹ã‚‰ãªã„å¤§å¤šæ•°ã®ã‚¨ãƒ³ã‚¸ãƒ‹ã‚¢ã€‚
ã“ã®æœŸå¾…å€¤ã®ã‚®ãƒ£ãƒƒãƒ—ã¨ã€è²¢çŒ®ã—ãŸã„ãŒèª°ãŒä½•ã‚’æ±‚ã‚ã¦ã„ã‚‹ã®ã‹ã‚ã‹ã‚‰ãªã„ã¨ã„ã†æƒ…å ±ã®ä¸é€æ˜æ€§ã‚’Contribution Accessibilityã¨æœ¬ãƒˆãƒ¼ã‚¯ã§ã¯å‘¼ã³ã€è§£æ±ºã—ãŸã„èª²é¡Œã¨ä½ç½®ã¥ã‘ã¾ã™ã€‚
Contribution Accessibilityã‚’è§£æ¶ˆã™ã‚‹ä¸€åŠ©ã¨ã—ã¦é–‹ç™ºã—ãŸ goofi ã¨ã„ã†ãƒ„ãƒ¼ãƒ«ã‚’ã”ç´¹ä»‹ã—ã¾ã™ã€‚
ã¾ãŸã€åŒãƒ„ãƒ¼ãƒ«ã¯TypeScript, React, Next.js, GraphQLãªã©ã®JavaScriptå‘¨è¾ºæŠ€è¡“ã‚’ä½¿ç”¨ã—ã¦ã„ã‚‹ãŸã‚ã€ã“ã‚Œã‚‰ã®æŠ€è¡“è¦ç´ ã®é¸å®šç†ç”±ã‚„ä½¿ç”¨ã—ã¦ã®æ‰€æ„Ÿãƒ»è€ƒå¯Ÿã‚‚ãŠä¼ãˆã—ã¾ã™ã€‚
ä¸Šè¨˜èª²é¡Œã¯ã‚¹ãƒ”ãƒ¼ã‚«ãƒ¼è‡ªèº«ãŒæ„Ÿã˜ã¦ã„ãŸã‚‚ã®ã§ã‚‚ã‚ã‚Šã¾ã—ãŸã€‚ãã®ãŸã‚ã‚¹ãƒ”ãƒ¼ã‚«ãƒ¼è‡ªèº«ãŒåŒãƒ„ãƒ¼ãƒ«ã‚’åˆ©ç”¨ã—ã¦å®Ÿéš›ã«contributionã™ã‚‹ã“ã¨ãŒã§ãã‚‹ã‚ˆã†ã«ãªã£ãŸä¾‹ã«ã¤ã„ã¦ãŠè©±ã—ã¾ã™ã€‚",
#1 by lulzneko - summary,Vue.js/Nuxt.js ã§ å®Ÿç¾ã§ããŸ PWA ã® ãƒªã‚¢ãƒ«ã‚¿ã‚¤ãƒ å‹•ç”»ãƒ©ãƒƒãƒ—ãƒ»ãƒãƒˆãƒ«ãƒ»ã‚¢ãƒ—ãƒª,Vue.js/Nuxt.js ã§ å®Ÿç¾ã§ããŸ PWA ã® ãƒªã‚¢ãƒ«ã‚¿ã‚¤ãƒ å‹•ç”»ãƒ©ãƒƒãƒ—ãƒ»ãƒãƒˆãƒ«ãƒ»ã‚¢ãƒ—ãƒª,
#1 by lulzneko - description,"ã‚¹ãƒãƒ¼ãƒˆãƒ•ã‚©ãƒ³ã‚„ã‚¿ãƒ–ãƒ¬ãƒƒãƒˆå‘ã‘ã®ãƒ¢ãƒã‚¤ãƒ«ã‚¢ãƒ—ãƒªã¯ PWA (Progressive Web Apps) ã«ã‚ˆã‚‹ Web æŠ€è¡“ã‚’ä½¿ã£ãŸå½¢æ…‹ãŒæœŸå¾…ã•ã‚Œã¦ãã¦ã„ã¾ã™ã€‚
ç§ãŸã¡ã¯ã€å…¨å›½è¦æ¨¡ã§è¡Œã‚ã‚Œã‚‹ãƒ¢ãƒã‚¤ãƒ«ãƒ»ã‚¢ãƒ—ãƒªé–‹ç™ºãƒãƒƒã‚«ã‚½ãƒ³ã®äºˆé¸ã§ã€ã‚ãˆã¦PWAã‚¢ãƒ¼ã‚­ãƒ†ã‚¯ãƒãƒ£ã«ã“ã ã‚ã£ã¦é–‹ç™ºã—å„ªç§€è³ã‚’å—è³ã—ã¾ã—ãŸã€‚
ã‚ãšã‹ 24æ™‚é–“ã¨ã„ã†é–‹ç™ºæœŸé–“ã§ã€ãƒªã‚¢ãƒ«ã‚¿ã‚¤ãƒ ãªå‹•ç”»é…ä¿¡ã‚’ä½¿ã£ãŸãƒ©ãƒƒãƒ—ã®ãƒãƒˆãƒ«ã¨è¦³æˆ¦ãŒåŒæ™‚ã«è¡Œãˆã€è¦³æˆ¦è€…ãŒãƒªã‚¢ãƒ«ã‚¿ã‚¤ãƒ ã«ãƒ•ã‚£ãƒ¼ãƒ‰ãƒãƒƒã‚¯ãƒ»ã‚¨ãƒ•ã‚§ã‚¯ãƒˆã‚’è¿”ã›ã‚‹ã‚¢ãƒ—ãƒªã‚’ã€é€šå¸¸ï¼•äººãƒãƒ¼ãƒ ã®ã¨ã“ã‚ ï¼“äººã®å°‘äººæ•°ã§ä½œã‚Šä¸Šã’ã¦ã„ã¾ã™ã€‚
ãƒ¢ãƒã‚¤ãƒ«ã‚¢ãƒ—ãƒªã®ãƒãƒƒã‚«ã‚½ãƒ³ã¨ã—ã¦ãƒã‚¤ãƒ†ã‚£ãƒ–ç³»é–‹ç™ºãƒãƒ¼ãƒ ãŒä¸¦ã¿å±…ã‚‹ä¸­ã§ã€å”¯ä¸€ PWA ã‚’ æ­¦å™¨ã«æˆ¦ã„ å—è³ã§ããŸã®ã¯ã€Vue.js/Nuxt.js ã® æ´»ç”¨ãŒã‚ã£ãŸã‹ã‚‰ã¨ã„ã£ã¦éè¨€ã§ã¯ãªã„ã§ã—ã‚‡ã†ã€‚
ã¾ãŸ PWA ã¯ CI/CD ã¨ ç›¸æ€§ãŒè‰¯ã Agile ãƒ—ãƒ©ã‚¯ãƒ†ã‚£ã‚¹ã®å¸¸ã«ã‚¢ã‚¯ã‚»ã‚¹å¯èƒ½ãªãƒ—ãƒ­ãƒˆã‚¿ã‚¤ãƒ—ç’°å¢ƒã®æä¾›ãŒè¡Œã„ã‚„ã™ã„ã§ã™ã€‚
ãã—ã¦ ã“ã®ç‰¹æ€§ã¨ã€Vue.js/Nuxt.js ã® Web Components ã«ã‚ˆã‚‹ç›¸ä¹—åŠ¹æœãŒã€é–‹ç™ºã®é«˜é€ŸåŒ–ã¨å“è³ªã®å‘ä¸Šã‚’ã‚‚ãŸã‚‰ã—ã¾ã™ã€‚
ã“ã®ã‚ˆã†ã«ã€ã‚¹ãƒãƒ›ãƒ»ã‚¢ãƒ—ãƒªé–‹ç™ºã«ãŠã„ã¦ã‚‚ Vue.js/Nuxt.js ã¯ éå¸¸ã«å¼·åŠ›ã«æ©Ÿèƒ½ã—ã¾ã™ã€‚
æœ¬ã‚»ãƒƒã‚·ãƒ§ãƒ³ã§ã¯ Vue.js/Nuxt.js ã§ PWA ã® ãƒªã‚¢ãƒ«ã‚¿ã‚¤ãƒ å‹•ç”»ãƒ©ãƒƒãƒ—ãƒ»ãƒãƒˆãƒ«ãƒ»ã‚¢ãƒ—ãƒª ã‚’ ã„ã‹ã«ã—ã¦ä½œã‚Šä¸Šã’ãŸã®ã‹ã€ã©ã®ã‚ˆã†ã«æ´»ç”¨ã—ãŸã®ã‹ã€Vue.js/Nuxt.js ã® æŠ€è¡“ã‚’ã€ãƒ‡ãƒ¢ã‚’äº¤ãˆã¦ ã”ç´¹ä»‹ã—ã¾ã™ã€‚
ãƒ» PWA(Progressive Web Apps) ã® æ¦‚è¦
ãƒ» Vue.js/Nuxt.js ã‚’ ä½¿ã£ãŸ PWA ãª ãƒ¢ãƒã‚¤ãƒ«ã‚¢ãƒ—ãƒª ã® é–‹ç™ºæ‰‹æ³•
ãƒ» GitHubã€CircleCIã€GitHuba Pages ã‚’ ä½¿ã£ãŸ å¸¸ã«ã‚¢ã‚¯ã‚»ã‚¹å¯èƒ½ãªãƒ—ãƒ­ãƒˆã‚¿ã‚¤ãƒ—ç’°å¢ƒã‚’æŒã¤ PWA ã‚¢ãƒ—ãƒªé–‹ç™ºç’°å¢ƒ","ã‚¹ãƒãƒ¼ãƒˆãƒ•ã‚©ãƒ³ã‚„ã‚¿ãƒ–ãƒ¬ãƒƒãƒˆå‘ã‘ã®ãƒ¢ãƒã‚¤ãƒ«ã‚¢ãƒ—ãƒªã¯ PWA (Progressive Web Apps) ã«ã‚ˆã‚‹ Web æŠ€è¡“ã‚’ä½¿ã£ãŸå½¢æ…‹ãŒæœŸå¾…ã•ã‚Œã¦ãã¦ã„ã¾ã™ã€‚
ç§ãŸã¡ã¯ã€å…¨å›½è¦æ¨¡ã§è¡Œã‚ã‚Œã‚‹ãƒ¢ãƒã‚¤ãƒ«ãƒ»ã‚¢ãƒ—ãƒªé–‹ç™ºãƒãƒƒã‚«ã‚½ãƒ³ã®äºˆé¸ã§ã€ã‚ãˆã¦PWAã‚¢ãƒ¼ã‚­ãƒ†ã‚¯ãƒãƒ£ã«ã“ã ã‚ã£ã¦é–‹ç™ºã—å„ªç§€è³ã‚’å—è³ã—ã¾ã—ãŸã€‚
ã‚ãšã‹ 24æ™‚é–“ã¨ã„ã†é–‹ç™ºæœŸé–“ã§ã€ãƒªã‚¢ãƒ«ã‚¿ã‚¤ãƒ ãªå‹•ç”»é…ä¿¡ã‚’ä½¿ã£ãŸãƒ©ãƒƒãƒ—ã®ãƒãƒˆãƒ«ã¨è¦³æˆ¦ãŒåŒæ™‚ã«è¡Œãˆã€è¦³æˆ¦è€…ãŒãƒªã‚¢ãƒ«ã‚¿ã‚¤ãƒ ã«ãƒ•ã‚£ãƒ¼ãƒ‰ãƒãƒƒã‚¯ãƒ»ã‚¨ãƒ•ã‚§ã‚¯ãƒˆã‚’è¿”ã›ã‚‹ã‚¢ãƒ—ãƒªã‚’ã€é€šå¸¸ï¼•äººãƒãƒ¼ãƒ ã®ã¨ã“ã‚ ï¼“äººã®å°‘äººæ•°ã§ä½œã‚Šä¸Šã’ã¦ã„ã¾ã™ã€‚
ãƒ¢ãƒã‚¤ãƒ«ã‚¢ãƒ—ãƒªã®ãƒãƒƒã‚«ã‚½ãƒ³ã¨ã—ã¦ãƒã‚¤ãƒ†ã‚£ãƒ–ç³»é–‹ç™ºãƒãƒ¼ãƒ ãŒä¸¦ã¿å±…ã‚‹ä¸­ã§ã€å”¯ä¸€ PWA ã‚’ æ­¦å™¨ã«æˆ¦ã„ å—è³ã§ããŸã®ã¯ã€Vue.js/Nuxt.js ã® æ´»ç”¨ãŒã‚ã£ãŸã‹ã‚‰ã¨ã„ã£ã¦éè¨€ã§ã¯ãªã„ã§ã—ã‚‡ã†ã€‚
ã¾ãŸ PWA ã¯ CI/CD ã¨ ç›¸æ€§ãŒè‰¯ã Agile ãƒ—ãƒ©ã‚¯ãƒ†ã‚£ã‚¹ã®å¸¸ã«ã‚¢ã‚¯ã‚»ã‚¹å¯èƒ½ãªãƒ—ãƒ­ãƒˆã‚¿ã‚¤ãƒ—ç’°å¢ƒã®æä¾›ãŒè¡Œã„ã‚„ã™ã„ã§ã™ã€‚
ãã—ã¦ ã“ã®ç‰¹æ€§ã¨ã€Vue.js/Nuxt.js ã® Web Components ã«ã‚ˆã‚‹ç›¸ä¹—åŠ¹æœãŒã€é–‹ç™ºã®é«˜é€ŸåŒ–ã¨å“è³ªã®å‘ä¸Šã‚’ã‚‚ãŸã‚‰ã—ã¾ã™ã€‚
ã“ã®ã‚ˆã†ã«ã€ã‚¹ãƒãƒ›ãƒ»ã‚¢ãƒ—ãƒªé–‹ç™ºã«ãŠã„ã¦ã‚‚ Vue.js/Nuxt.js ã¯ éå¸¸ã«å¼·åŠ›ã«æ©Ÿèƒ½ã—ã¾ã™ã€‚
æœ¬ã‚»ãƒƒã‚·ãƒ§ãƒ³ã§ã¯ Vue.js/Nuxt.js ã§ PWA ã® ãƒªã‚¢ãƒ«ã‚¿ã‚¤ãƒ å‹•ç”»ãƒ©ãƒƒãƒ—ãƒ»ãƒãƒˆãƒ«ãƒ»ã‚¢ãƒ—ãƒª ã‚’ ã„ã‹ã«ã—ã¦ä½œã‚Šä¸Šã’ãŸã®ã‹ã€ã©ã®ã‚ˆã†ã«æ´»ç”¨ã—ãŸã®ã‹ã€Vue.js/Nuxt.js ã® æŠ€è¡“ã‚’ã€ãƒ‡ãƒ¢ã‚’äº¤ãˆã¦ ã”ç´¹ä»‹ã—ã¾ã™ã€‚
ãƒ» PWA(Progressive Web Apps) ã® æ¦‚è¦
ãƒ» Vue.js/Nuxt.js ã‚’ ä½¿ã£ãŸ PWA ãª ãƒ¢ãƒã‚¤ãƒ«ã‚¢ãƒ—ãƒª ã® é–‹ç™ºæ‰‹æ³•
ãƒ» GitHubã€CircleCIã€GitHuba Pages ã‚’ ä½¿ã£ãŸ å¸¸ã«ã‚¢ã‚¯ã‚»ã‚¹å¯èƒ½ãªãƒ—ãƒ­ãƒˆã‚¿ã‚¤ãƒ—ç’°å¢ƒã‚’æŒã¤ PWA ã‚¢ãƒ—ãƒªé–‹ç™ºç’°å¢ƒ",
JSãªã‚“ã§ã‚‚ãŠæ‚©ã¿ç›¸è«‡å®¤ - summary,JSãªã‚“ã§ã‚‚ãŠæ‚©ã¿ç›¸è«‡å®¤,JSãªã‚“ã§ã‚‚ãŠæ‚©ã¿ç›¸è«‡å®¤,
ç„¡é™LTéƒ¨å±‹ - summary,ç„¡é™LTéƒ¨å±‹,ç„¡é™LTéƒ¨å±‹,
#1 by poledesfetes - summary,How I made critical code run much faster,,How I made critical code run much faster
#1 by poledesfetes - description,I have this critical piece of code. It has to run fast otherwise my clients complain. Also it is synchronous so I want it to have a small impact on the performance of the applications. This is the story of how I spent a week to gain microseconds in some very critical piece of code.,,I have this critical piece of code. It has to run fast otherwise my clients complain. Also it is synchronous so I want it to have a small impact on the performance of the applications. This is the story of how I spent a week to gain microseconds in some very critical piece of code.
#1 by PalmaSwell - summary,Accessibility vs latest Web APIs. Canâ€™t we just get along?,,Accessibility vs latest Web APIs. Canâ€™t we just get along?
#1 by PalmaSwell - description,"Unfortunately, we still treat accessibility in the same way we deal with front-end development for older browsers, something to be done at the end. What if I tell you that we can use the latest Web APIs and still offer an inclusive and accessible experience.

In this talk, you'll learn how to combine Web APIs such as Speech Recognition and Geolocation, with performant Javascript techniques to create empathic user interfaces.",,"Unfortunately, we still treat accessibility in the same way we deal with front-end development for older browsers, something to be done at the end. What if I tell you that we can use the latest Web APIs and still offer an inclusive and accessible experience.

In this talk, you'll learn how to combine Web APIs such as Speech Recognition and Geolocation, with performant Javascript techniques to create empathic user interfaces."
#1 by leichtgewicht - summary,A trillion points with Node.js,,A trillion points with Node.js
#1 by leichtgewicht - description,I will be presenting our progress of using DAT to create a open-source visualization system for very large point-cloud data sets. This visualization system is entirely built on JavaScript and can enable new ways how we share and use data.,,I will be presenting our progress of using DAT to create a open-source visualization system for very large point-cloud data sets. This visualization system is entirely built on JavaScript and can enable new ways how we share and use data.
#1 by james_k_nelson - summary,Navi: painless routing for React,,Navi: painless routing for React
#1 by james_k_nelson - description,"Navi is a new kind of router: as your app's URL changes, it starts fetching the new URL's content, and then it *waits*. It then renders the page *once the content has loaded*.

Delayed rendering makes routing simpler. Instead of manually managing component state and loading spinners, you just assign URLs to content using `async`/`await` and `import()`. Navi does the rest -- it fetches your content, manages your page's `&lt;title&gt;` and scroll position, and even warns you about broken links!

In this talk, I'll introduce Navi, and use it to live code a static website with create-react-app.",,"Navi is a new kind of router: as your app's URL changes, it starts fetching the new URL's content, and then it *waits*. It then renders the page *once the content has loaded*.

Delayed rendering makes routing simpler. Instead of manually managing component state and loading spinners, you just assign URLs to content using `async`/`await` and `import()`. Navi does the rest -- it fetches your content, manages your page's `&lt;title&gt;` and scroll position, and even warns you about broken links!

In this talk, I'll introduce Navi, and use it to live code a static website with create-react-app."
#1 by daikiyokoi - summary,Node.jsã‚¢ãƒ—ãƒªã®é–‹ç™ºã‚’ãƒ¢ãƒ€ãƒ³åŒ–ã™ã‚‹ãŸã‚ã«å–ã‚Šçµ„ã‚“ã§ããŸã“ã¨,Node.jsã‚¢ãƒ—ãƒªã®é–‹ç™ºã‚’ãƒ¢ãƒ€ãƒ³åŒ–ã™ã‚‹ãŸã‚ã«å–ã‚Šçµ„ã‚“ã§ããŸã“ã¨,
#1 by daikiyokoi - description,"ãƒ“ãƒƒãƒˆãƒãƒ³ã‚¯æ ªå¼ä¼šç¤¾ã§ã¯ä»®æƒ³é€šè²¨å–å¼•æ‰€ bitbank.cc ã‚’é–‹ç™ºãƒ»é‹å–¶ã—ã¦ãŠã‚Šã¾ã™ã€‚
ãŠå®¢æ§˜ã‚„å–å¼•é‡ã®å¢—åŠ ã«ä¼´ã„ã€ã‚µãƒ¼ãƒãƒ¼ã‚µã‚¤ãƒ‰ã‚¢ãƒ—ãƒªã‚±ãƒ¼ã‚·ãƒ§ãƒ³ã®è¦æ±‚æ°´æº–ã‚‚é«˜ã¾ã‚‹ã°ã‹ã‚Šã§ã™ã€‚
ã“ã®ãƒˆãƒ¼ã‚¯ã§ã¯è¶…å°‘äººæ•°ã§ãƒ¡ãƒ³ãƒ†ã•ã‚Œã¦ã„ãŸNode.jsãƒãƒ¼ã‚¸ãƒ§ãƒ³6ã®ã‚¢ãƒ—ãƒªã‚±ãƒ¼ã‚·ãƒ§ãƒ³ã®é–‹ç™ºã‚’ãƒ¢ãƒ€ãƒ³åŒ–ã™ã‚‹éç¨‹ã§ã®å–ã‚Šçµ„ã¿ï¼ˆãƒ­ãƒ¼ã‚«ãƒ«é–‹ç™ºç’°å¢ƒã®åˆ·æ–°ã€TypeScriptã®æ¡ç”¨ã¨æ–°è¦ãƒ•ãƒ¬ãƒ¼ãƒ ãƒ¯ãƒ¼ã‚¯ã®å°å…¥ã€AWSã®ã‚¤ãƒ³ãƒ•ãƒ©æ§‹æˆå¤‰æ›´ãªã©ï¼‰ã«ã¤ã„ã¦ã€èƒŒæ™¯ã‚„å®Ÿéš›ã®é€²ã‚æ–¹ã‚’è¸ã¾ãˆã¦ãŠè©±ã‚’ã•ã›ã¦é ‚ãã“ã¨ã§ã€é–‹ç™ºæ‰‹æ³•ã‚„ç’°å¢ƒæ§‹ç¯‰ã«æ‚©ã‚“ã§ã„ã‚‹äººã®åŠ©ã‘ã«ãªã‚Œã‚Œã°ã¨æ€ã„ã¾ã™ã€‚","ãƒ“ãƒƒãƒˆãƒãƒ³ã‚¯æ ªå¼ä¼šç¤¾ã§ã¯ä»®æƒ³é€šè²¨å–å¼•æ‰€ bitbank.cc ã‚’é–‹ç™ºãƒ»é‹å–¶ã—ã¦ãŠã‚Šã¾ã™ã€‚
ãŠå®¢æ§˜ã‚„å–å¼•é‡ã®å¢—åŠ ã«ä¼´ã„ã€ã‚µãƒ¼ãƒãƒ¼ã‚µã‚¤ãƒ‰ã‚¢ãƒ—ãƒªã‚±ãƒ¼ã‚·ãƒ§ãƒ³ã®è¦æ±‚æ°´æº–ã‚‚é«˜ã¾ã‚‹ã°ã‹ã‚Šã§ã™ã€‚
ã“ã®ãƒˆãƒ¼ã‚¯ã§ã¯è¶…å°‘äººæ•°ã§ãƒ¡ãƒ³ãƒ†ã•ã‚Œã¦ã„ãŸNode.jsãƒãƒ¼ã‚¸ãƒ§ãƒ³6ã®ã‚¢ãƒ—ãƒªã‚±ãƒ¼ã‚·ãƒ§ãƒ³ã®é–‹ç™ºã‚’ãƒ¢ãƒ€ãƒ³åŒ–ã™ã‚‹éç¨‹ã§ã®å–ã‚Šçµ„ã¿ï¼ˆãƒ­ãƒ¼ã‚«ãƒ«é–‹ç™ºç’°å¢ƒã®åˆ·æ–°ã€TypeScriptã®æ¡ç”¨ã¨æ–°è¦ãƒ•ãƒ¬ãƒ¼ãƒ ãƒ¯ãƒ¼ã‚¯ã®å°å…¥ã€AWSã®ã‚¤ãƒ³ãƒ•ãƒ©æ§‹æˆå¤‰æ›´ãªã©ï¼‰ã«ã¤ã„ã¦ã€èƒŒæ™¯ã‚„å®Ÿéš›ã®é€²ã‚æ–¹ã‚’è¸ã¾ãˆã¦ãŠè©±ã‚’ã•ã›ã¦é ‚ãã“ã¨ã§ã€é–‹ç™ºæ‰‹æ³•ã‚„ç’°å¢ƒæ§‹ç¯‰ã«æ‚©ã‚“ã§ã„ã‚‹äººã®åŠ©ã‘ã«ãªã‚Œã‚Œã°ã¨æ€ã„ã¾ã™ã€‚",
#1 by hrnkoji - summary,ãƒ–ãƒ­ãƒƒã‚¯ãƒã‚§ãƒ¼ãƒ³ã‚¢ãƒ—ãƒªã‚±ãƒ¼ã‚·ãƒ§ãƒ³é–‹ç™ºã§ã®Javascriptã®è©±ï¼ˆä»®ï¼‰,ãƒ–ãƒ­ãƒƒã‚¯ãƒã‚§ãƒ¼ãƒ³ã‚¢ãƒ—ãƒªã‚±ãƒ¼ã‚·ãƒ§ãƒ³é–‹ç™ºã§ã®Javascriptã®è©±ï¼ˆä»®ï¼‰,
#1 by hrnkoji - description,ãƒ–ãƒ­ãƒƒã‚¯ãƒã‚§ãƒ¼ãƒ³ã‚¢ãƒ—ãƒªã‚±ãƒ¼ã‚·ãƒ§ãƒ³ã€DAppsé–‹ç™ºï¼ˆEthereumï¼‰ã‚’ã™ã‚‹ä¸Šã§ã®Javascriptã€ãƒ•ãƒ­ãƒ³ãƒˆã‚¨ãƒ³ãƒ‰ã®è©±,ãƒ–ãƒ­ãƒƒã‚¯ãƒã‚§ãƒ¼ãƒ³ã‚¢ãƒ—ãƒªã‚±ãƒ¼ã‚·ãƒ§ãƒ³ã€DAppsé–‹ç™ºï¼ˆEthereumï¼‰ã‚’ã™ã‚‹ä¸Šã§ã®Javascriptã€ãƒ•ãƒ­ãƒ³ãƒˆã‚¨ãƒ³ãƒ‰ã®è©±,
#1 by kimamula - summary,Angular Universal on Google App Engine,Angular Universal on Google App Engine,
#1 by kimamula - description,"ä»Šå¹´ã®6æœˆã‹ã‚‰Node.jsãŒã‚µãƒãƒ¼ãƒˆã•ã‚ŒãŸGoogle App Engine Standard Environmentã§ã€Angularã‚¢ãƒ—ãƒªã‚±ãƒ¼ã‚·ãƒ§ãƒ³ã‚’server-side rendering (SSR)ã—ãŸäº‹ä¾‹ã«ã¤ã„ã¦ã”ç´¹ä»‹ã—ã¾ã™ã€‚

Angular Universalã¯Angularã§SSRã‚’å¯èƒ½ã«ã™ã‚‹ãŸã‚ã®ãƒ—ãƒ­ã‚¸ã‚§ã‚¯ãƒˆã§ã‚ã‚Šã€ä»Šå›ã®ã‚¢ãƒ—ãƒªã‚±ãƒ¼ã‚·ãƒ§ãƒ³ã¯ã“ã®ãƒ—ãƒ­ã‚¸ã‚§ã‚¯ãƒˆãŒæä¾›ã™ã‚‹ãƒ„ãƒ¼ãƒ«ã‚’åˆ©ç”¨ã—ã¦ã„ã¾ã™ã€‚ç¾æ™‚ç‚¹ã§å…¬å¼ãƒ‰ã‚­ãƒ¥ãƒ¡ãƒ³ãƒˆãŒã‚ã¾ã‚Šå……å®Ÿã—ã¦ã„ãªã„ãŸã‚ã€å®Ÿéš›ã«ã‚¢ãƒ—ãƒªã‚±ãƒ¼ã‚·ãƒ§ãƒ³é–‹ç™ºã‚’é€²ã‚ã‚‹ä¸­ã§å¾—ã‚‰ã‚ŒãŸçŸ¥è¦‹ã‚’å…±æœ‰ã™ã‚‹ã“ã¨ã§ã€ãã®éƒ¨åˆ†ã‚’è£œã‚Œã°ã¨æ€ã„ã¾ã™ã€‚ãŸã¨ãˆã°ã€é–‹ç™ºä¸­ã«ãƒ­ãƒ¼ã‚«ãƒ«ã§ãƒ•ã‚¡ã‚¤ãƒ«ã‚’watchã—ãªãŒã‚‰SSRã™ã‚‹æ–¹æ³•ã‚„ã€ã‚µãƒ¼ãƒã‚µã‚¤ãƒ‰ã§å–å¾—ã—ãŸçŠ¶æ…‹ã‚’ã‚¯ãƒ©ã‚¤ã‚¢ãƒ³ãƒˆã‚µã‚¤ãƒ‰ã«ä¼æ’­ã™ã‚‹æ–¹æ³•ãªã©ãŒå«ã¾ã‚Œã¾ã™ã€‚

ã¾ãŸã€Angular Universalã§ã¯æœªæä¾›ã®ã€å¿…è¦ãªãƒªã‚½ãƒ¼ã‚¹ã‚’HTTP/2 Server Pushã™ã‚‹æ©Ÿèƒ½ã‚’ç‹¬è‡ªã«å®Ÿè£…ã—ï¼ˆã‚ˆã†ã¨ã—ï¼‰ãŸãŠè©±ã‚‚ã™ã‚‹äºˆå®šã§ã™ã€‚","ä»Šå¹´ã®6æœˆã‹ã‚‰Node.jsãŒã‚µãƒãƒ¼ãƒˆã•ã‚ŒãŸGoogle App Engine Standard Environmentã§ã€Angularã‚¢ãƒ—ãƒªã‚±ãƒ¼ã‚·ãƒ§ãƒ³ã‚’server-side rendering (SSR)ã—ãŸäº‹ä¾‹ã«ã¤ã„ã¦ã”ç´¹ä»‹ã—ã¾ã™ã€‚

Angular Universalã¯Angularã§SSRã‚’å¯èƒ½ã«ã™ã‚‹ãŸã‚ã®ãƒ—ãƒ­ã‚¸ã‚§ã‚¯ãƒˆã§ã‚ã‚Šã€ä»Šå›ã®ã‚¢ãƒ—ãƒªã‚±ãƒ¼ã‚·ãƒ§ãƒ³ã¯ã“ã®ãƒ—ãƒ­ã‚¸ã‚§ã‚¯ãƒˆãŒæä¾›ã™ã‚‹ãƒ„ãƒ¼ãƒ«ã‚’åˆ©ç”¨ã—ã¦ã„ã¾ã™ã€‚ç¾æ™‚ç‚¹ã§å…¬å¼ãƒ‰ã‚­ãƒ¥ãƒ¡ãƒ³ãƒˆãŒã‚ã¾ã‚Šå……å®Ÿã—ã¦ã„ãªã„ãŸã‚ã€å®Ÿéš›ã«ã‚¢ãƒ—ãƒªã‚±ãƒ¼ã‚·ãƒ§ãƒ³é–‹ç™ºã‚’é€²ã‚ã‚‹ä¸­ã§å¾—ã‚‰ã‚ŒãŸçŸ¥è¦‹ã‚’å…±æœ‰ã™ã‚‹ã“ã¨ã§ã€ãã®éƒ¨åˆ†ã‚’è£œã‚Œã°ã¨æ€ã„ã¾ã™ã€‚ãŸã¨ãˆã°ã€é–‹ç™ºä¸­ã«ãƒ­ãƒ¼ã‚«ãƒ«ã§ãƒ•ã‚¡ã‚¤ãƒ«ã‚’watchã—ãªãŒã‚‰SSRã™ã‚‹æ–¹æ³•ã‚„ã€ã‚µãƒ¼ãƒã‚µã‚¤ãƒ‰ã§å–å¾—ã—ãŸçŠ¶æ…‹ã‚’ã‚¯ãƒ©ã‚¤ã‚¢ãƒ³ãƒˆã‚µã‚¤ãƒ‰ã«ä¼æ’­ã™ã‚‹æ–¹æ³•ãªã©ãŒå«ã¾ã‚Œã¾ã™ã€‚

ã¾ãŸã€Angular Universalã§ã¯æœªæä¾›ã®ã€å¿…è¦ãªãƒªã‚½ãƒ¼ã‚¹ã‚’HTTP/2 Server Pushã™ã‚‹æ©Ÿèƒ½ã‚’ç‹¬è‡ªã«å®Ÿè£…ã—ï¼ˆã‚ˆã†ã¨ã—ï¼‰ãŸãŠè©±ã‚‚ã™ã‚‹äºˆå®šã§ã™ã€‚",
#1 by vwxyutarooo - summary,React + Apollo Client (GraphQL) ã«ã‚ˆã‚Šå¤‰åŒ–ã™ã‚‹ã‚¢ãƒ—ãƒªã‚±ãƒ¼ã‚·ãƒ§ãƒ³è¨­è¨ˆ,React + Apollo Client (GraphQL) ã«ã‚ˆã‚Šå¤‰åŒ–ã™ã‚‹ã‚¢ãƒ—ãƒªã‚±ãƒ¼ã‚·ãƒ§ãƒ³è¨­è¨ˆ,
#1 by vwxyutarooo - description,"GraphQL ã‚’åˆ©ç”¨ã—ãŸ Web ã‚¢ãƒ—ãƒªã‚±ãƒ¼ã‚·ãƒ§ãƒ³é–‹ç™ºã«ãŠã„ã¦ã€Apollo Client ã‚’å°å…¥ã™ã‚‹ã“ã¨ã«ã‚ˆã‚Šã‚¯ãƒ©ã‚¤ã‚¢ãƒ³ãƒˆã®è¨­è¨ˆã¯å¤§ããå¤‰åŒ–ã—ã¾ã™ã€‚ã‚³ãƒ¼ãƒ‰ã¯ã‚ˆã‚Šå®¹æ˜“ã«ç°¡ç´ åŒ–ã•ã‚Œã€é–¢å¿ƒäº‹ã®åˆ†é›¢ã¨ã„ã†è¦³ç‚¹ã‹ã‚‰ã‚‚ GraphQL ã‚’å°å…¥ã™ã‚‹ãƒ¡ãƒªãƒƒãƒˆã‚’ã‚ˆã‚Šå¤§ããã—ã¦ãã‚Œã¾ã™ã€‚
ã“ã®ãƒˆãƒ¼ã‚¯ã§ã¯ Apollo ã«ã¤ã„ã¦ã‚„ã€ãã‚Œã«ã‚ˆã£ã¦ã©ã®ã‚ˆã†ã«ã‚¯ãƒ©ã‚¤ã‚¢ãƒ³ãƒˆã®è¨­è¨ˆãŒå¤‰ã‚ã£ã¦ãã‚‹ã®ã‹ã¨ã„ã†è©±ã‚’ã—ãŸã„ã¨æ€ã„ã¾ã™ã€‚","GraphQL ã‚’åˆ©ç”¨ã—ãŸ Web ã‚¢ãƒ—ãƒªã‚±ãƒ¼ã‚·ãƒ§ãƒ³é–‹ç™ºã«ãŠã„ã¦ã€Apollo Client ã‚’å°å…¥ã™ã‚‹ã“ã¨ã«ã‚ˆã‚Šã‚¯ãƒ©ã‚¤ã‚¢ãƒ³ãƒˆã®è¨­è¨ˆã¯å¤§ããå¤‰åŒ–ã—ã¾ã™ã€‚ã‚³ãƒ¼ãƒ‰ã¯ã‚ˆã‚Šå®¹æ˜“ã«ç°¡ç´ åŒ–ã•ã‚Œã€é–¢å¿ƒäº‹ã®åˆ†é›¢ã¨ã„ã†è¦³ç‚¹ã‹ã‚‰ã‚‚ GraphQL ã‚’å°å…¥ã™ã‚‹ãƒ¡ãƒªãƒƒãƒˆã‚’ã‚ˆã‚Šå¤§ããã—ã¦ãã‚Œã¾ã™ã€‚
ã“ã®ãƒˆãƒ¼ã‚¯ã§ã¯ Apollo ã«ã¤ã„ã¦ã‚„ã€ãã‚Œã«ã‚ˆã£ã¦ã©ã®ã‚ˆã†ã«ã‚¯ãƒ©ã‚¤ã‚¢ãƒ³ãƒˆã®è¨­è¨ˆãŒå¤‰ã‚ã£ã¦ãã‚‹ã®ã‹ã¨ã„ã†è©±ã‚’ã—ãŸã„ã¨æ€ã„ã¾ã™ã€‚",
